-2.3100,1.8800,-1.1699333333333333
-2.8800,3.2500,-1.6865999999999999
1.7100,3.3300,-1.0078666666666667
-1.4800,0.2500,-0.5319333333333334
-3.5600,0.2400,-0.8477333333333333
0.3600,0.7100,-0.39393333333333336
-2.4800,2.4400,-1.3714666666666666
2.8300,3.6500,-0.9363999999999999
-1.5700,3.2400,-1.4826000000000001
-1.1300,-2.0800,0.25180000000000013
2.6200,-3.3400,1.2216
2.2600,0.5000,-0.03680000000000008
0.4700,-1.3000,0.25273333333333337
-2.3200,2.0700,-1.2309999999999999
-0.8300,0.0500,-0.3696
-1.9500,0.5600,-0.7011333333333333
3.6100,-2.5800,1.1352666666666669
3.9600,-2.3400,1.1137333333333332
2.0500,1.3600,-0.3384666666666667
-1.9200,3.9400,-1.7556
3.1400,2.8500,-0.6382000000000001
0.6600,0.2400,-0.20066666666666666
-1.6200,-2.9600,0.4524
1.3600,-2.1800,0.6649333333333334
2.9000,3.8600,-0.9914666666666667
1.7800,1.6900,-0.4832666666666666
-0.5700,0.2100,-0.3798666666666667
3.1300,2.7200,-0.5990000000000001
-0.9700,-3.9300,0.8560000000000001
-0.7500,-1.8900,0.2505333333333334
-1.2800,2.7300,-1.2783333333333333
1.7100,2.6200,-0.7854000000000001
0.3600,1.4600,-0.6289333333333333
1.1100,-1.2800,0.3446
0.2000,-0.8300,0.06406666666666669
3.6600,2.4300,-0.4268666666666667
-3.6700,3.3200,-1.8296666666666668
-1.8700,-2.6500,0.3169333333333334
-2.9000,-3.7300,0.4974000000000002
-3.8600,-1.6000,-0.3171999999999999
2.4500,-1.4400,0.6002
-3.7900,2.4700,-1.5817333333333334
3.3700,-3.5800,1.4118
0.1300,2.7600,-1.0715333333333334
1.2000,-2.7600,0.8221333333333334
-1.6500,-2.2800,0.23473333333333346
3.9500,-0.1600,0.42913333333333337
3.2400,-3.1500,1.2571333333333334
2.6400,-1.1900,0.551
-1.7200,-3.8300,0.7096666666666669
-1.3700,2.2400,-1.1386
-2.1300,-2.6400,0.2739333333333335
-3.6900,3.3900,-1.8546666666666667
0.7600,2.1200,-0.7744000000000001
1.8700,-3.6400,1.2006000000000001
-1.4000,2.6000,-1.256
3.5200,-1.8500,0.8927333333333334
3.5400,-2.8300,1.2028666666666665
3.2300,1.3100,-0.14186666666666675
-1.2000,3.6400,-1.5512000000000001
-1.2500,3.0400,-1.3708666666666667
-2.1600,-0.6700,-0.34793333333333326
3.8800,1.5500,-0.11740000000000006
0.4100,2.6700,-1.0004
0.9200,1.9200,-0.6872
2.2200,0.1300,0.07299999999999998
-1.2500,3.1200,-1.3959333333333335
-1.4400,-1.0500,-0.11846666666666661
-2.2300,0.8400,-0.8318
2.7400,2.4500,-0.5742
3.1600,1.4500,-0.19646666666666668
-3.7600,-1.7800,-0.2454666666666665
-1.1600,-3.5800,0.7172000000000002
-0.4500,-0.1100,-0.2612
-3.6800,3.1800,-1.7873333333333334
0.2500,-1.9700,0.4289333333333334
0.8600,2.4600,-0.8656
1.6600,3.7000,-1.1314666666666668
0.2600,0.7500,-0.4218
0.7800,3.8800,-1.3228
-3.1400,1.5300,-1.1875333333333333
-0.2600,0.1400,-0.3104
-0.9100,-0.9100,-0.08106666666666662
3.5400,2.0600,-0.3293333333333335
1.4600,1.2700,-0.4007333333333334
2.4000,0.1900,0.08179999999999994
-1.0200,-0.9600,-0.08226666666666665
1.6700,0.5000,-0.12726666666666672
1.6800,-3.6500,1.1745999999999999
0.6300,-0.5900,0.054800000000000015
-2.1300,2.3800,-1.299
2.1200,-0.0300,0.10780000000000002
-2.1700,1.8800,-1.1484666666666665
2.9100,-1.4400,0.6707333333333333
0.6100,1.3800,-0.5655333333333333
3.9500,0.9600,0.07819999999999999
-0.7800,0.8900,-0.6251333333333333
-0.6300,-2.3000,0.39740000000000003
-1.5800,3.4600,-1.5530666666666666
-2.4100,-3.6300,0.5412
1.9600,-1.6700,0.5971333333333333
-1.8200,-0.5100,-0.3459333333333332
-3.9000,-3.4900,0.2688666666666668
0.1100,2.7900,-1.084
2.4600,3.1400,-0.8333333333333335
-0.5700,-0.1800,-0.25766666666666665
2.1800,0.4500,-0.03340000000000001
-0.1100,3.3000,-1.2775333333333334
2.3300,0.6200,-0.06366666666666665
0.2600,-0.3000,-0.0928
-2.9100,2.2400,-1.3747333333333334
-0.1600,-0.6800,-0.0381333333333333
-0.9200,-3.4700,0.7195333333333335
3.8100,-1.8800,0.9465999999999999
-1.4900,-3.5100,0.6446666666666668
2.6300,-0.0200,0.18286666666666662
-0.7400,3.4700,-1.4274
-3.0000,0.0700,-0.7086
-0.7700,3.8900,-1.5636
-2.0100,-2.7200,0.3174000000000001
1.1100,2.7400,-0.9150000000000001
-0.3100,1.5800,-0.7692666666666668
2.4600,-1.6600,0.6706666666666666
-3.4400,-0.4500,-0.6131333333333333
0.1500,-3.5200,0.8992666666666667
-1.4100,0.1500,-0.4898666666666666
1.4800,-2.1500,0.6739333333333333
1.4600,-0.8800,0.2729333333333333
2.7100,2.8600,-0.7072666666666667
2.7100,1.0200,-0.1307333333333334
3.0600,2.7500,-0.6191333333333334
0.1000,-3.8200,0.9856
3.8500,-0.4900,0.5171999999999999
3.8800,3.5500,-0.7440666666666668
0.8300,-3.1700,0.8938666666666667
1.1000,2.8800,-0.9603999999999999
-0.7600,3.8900,-1.5620666666666667
0.1400,0.7600,-0.44333333333333336
2.1100,-3.0400,1.0494
-1.8000,-1.9500,0.10833333333333339
1.2300,-1.3700,0.3912000000000001
-1.3300,-2.9900,0.5062666666666668
-0.4100,0.5900,-0.4744
2.8200,-0.0400,0.21826666666666664
-1.1300,-1.1300,-0.04586666666666661
2.3900,-1.6400,0.6536666666666667
-3.2300,0.4700,-0.8692
-3.1400,-3.7700,0.4731333333333334
0.1600,1.1400,-0.5593333333333333
-3.2700,3.4900,-1.8216
-1.4500,3.5400,-1.5582000000000003
-0.0900,-2.5100,0.546
-0.4200,0.3800,-0.41013333333333335
-2.8000,3.1100,-1.6304666666666665
-0.2800,-0.4700,-0.12233333333333335
-0.9500,1.9200,-0.9739333333333333
-0.9300,-3.4300,0.7054666666666669
2.7900,1.1300,-0.15293333333333334
2.9700,-2.9600,1.1562
-3.8500,3.5800,-1.9387333333333334
-1.7300,-1.9100,0.10653333333333337
1.9000,-3.1700,1.0579333333333334
2.9300,3.9500,-1.0150666666666668
3.4500,3.8600,-0.9071333333333333
-1.7600,1.8100,-1.0636666666666668
-2.6900,1.6300,-1.1498666666666666
3.7600,-0.1300,0.3905999999999999
-3.8800,1.5600,-1.3104
1.0300,2.7500,-0.9304
1.9900,-3.4000,1.1438000000000001
-0.2500,0.3100,-0.36213333333333336
-0.0100,1.2600,-0.623
1.6800,2.6000,-0.7837333333333334
1.3200,-2.0600,0.6212000000000001
2.5900,-3.2100,1.1762666666666666
-3.5500,2.4800,-1.5480666666666667
1.9800,-0.1500,0.12393333333333333
-0.1400,-2.4800,0.5289333333333334
-3.4200,2.6900,-1.5939333333333332
-2.1900,-3.7100,0.6000000000000001
1.4200,2.7200,-0.8612000000000001
-3.0300,-2.6000,0.12340000000000018
2.9600,1.5700,-0.2647333333333334
3.0800,2.7000,-0.6004
-3.3100,-2.9800,0.19953333333333345
-1.9600,-2.1500,0.14646666666666663
-0.9500,2.5200,-1.1619333333333333
2.3100,-2.7200,0.9798
0.5200,-3.0000,0.7930666666666668
-2.0400,-2.4500,0.22820000000000007
3.7100,3.7400,-0.8296666666666669
-1.1900,-2.0100,0.22066666666666673
-0.0900,2.2000,-0.9298000000000002
1.9700,2.7400,-0.7831333333333335
-2.2900,1.1400,-0.935
-3.3400,3.4700,-1.8260666666666667
2.3100,-3.2500,1.1458666666666666
3.9700,-1.7200,0.921
-1.2900,3.9300,-1.6558666666666668
1.1900,-3.1400,0.9396666666666668
-3.6800,-3.0200,0.15533333333333332
-3.3800,2.4700,-1.5188666666666668
1.7000,1.1600,-0.3294666666666667
4.0000,3.4900,-0.7068666666666669
2.5100,2.1500,-0.5154666666666667
-2.2300,3.4000,-1.6339333333333335
-2.5700,-3.6500,0.5229333333333334
3.2300,-3.3600,1.3214
-0.7400,3.0500,-1.2957999999999998
1.1800,0.2500,-0.12406666666666669
1.1200,-1.8400,0.5216000000000001
-2.1600,-1.5800,-0.06279999999999991
3.6900,-3.9300,1.5705333333333333
-0.1800,2.6100,-1.0720666666666667
-1.3600,3.8800,-1.6509333333333334
2.3200,0.6500,-0.07460000000000006
-2.6700,3.2100,-1.6418666666666666
-1.2700,0.5000,-0.5780666666666667
-2.4900,-3.8800,0.6072666666666666
2.3600,2.0700,-0.5134
-2.0000,-3.4700,0.5539333333333335
-0.2800,0.9800,-0.5766666666666667
-1.0000,0.3700,-0.49593333333333334
2.0900,-2.5400,0.8896666666666667
0.3100,2.4500,-0.9468000000000001
1.2400,-2.2600,0.6716
0.1100,-0.8900,0.06906666666666672
-1.4100,-1.0000,-0.12953333333333328
-3.0500,0.0800,-0.7193999999999999
2.7300,1.3500,-0.23106666666666673
-0.7600,-2.9600,0.5842666666666667
2.4100,0.2900,0.052000000000000005
2.5200,3.8100,-1.034066666666667
-2.7600,1.1000,-0.9945333333333333
-0.7600,-0.3100,-0.2460666666666666
-2.7500,1.5500,-1.134
-1.1300,-2.8800,0.5024666666666667
-1.6700,3.1500,-1.4697333333333331
-1.2400,-1.3600,0.009333333333333416
1.8300,3.3000,-0.9800666666666666
2.7600,2.0600,-0.4489333333333335
3.1000,-1.7300,0.7907333333333334
-3.1400,3.0400,-1.6606666666666667
3.8400,-3.2300,1.3741999999999999
0.9100,1.5300,-0.5665333333333333
0.5200,-2.1400,0.5236000000000001
2.6200,-3.2700,1.1996666666666669
0.1000,-0.7600,0.026800000000000046
-0.2800,-3.9100,0.9555333333333333
-1.9200,1.0900,-0.8625999999999999
-2.3800,-0.9400,-0.2970666666666666
-1.1700,1.5900,-0.9042666666666667
-3.7500,-2.5900,0.00986666666666669
1.5400,1.1300,-0.34459999999999996
3.9900,2.1900,-0.3010666666666667
-2.5900,-3.7100,0.5386666666666668
3.4800,-0.9400,0.6014666666666666
1.2100,-0.5800,0.14059999999999997
2.2900,1.9500,-0.4865333333333334
1.6300,2.2300,-0.6754666666666667
-1.2100,-2.4800,0.36486666666666673
0.6200,-0.1300,-0.09086666666666665
-0.9300,2.4400,-1.1338
-3.4400,-1.9200,-0.1525333333333333
1.5000,0.0500,-0.012333333333333342
-0.0100,-3.6700,0.9217333333333335
-3.3200,-3.4400,0.3421333333333335
1.0900,-0.5000,0.09713333333333335
-1.8800,2.8400,-1.4047999999999998
-0.5400,-0.4200,-0.17786666666666667
-2.0100,2.4800,-1.3119333333333332
2.4700,-1.3200,0.5656666666666667
-1.3500,-3.4000,0.6316666666666668
0.3500,-2.8900,0.7325333333333335
0.7100,-2.0300,0.5182666666666667
2.6200,-3.1700,1.1683333333333334
-0.6500,3.7800,-1.5107333333333335
-3.4400,-0.2600,-0.6726666666666666
0.7700,-0.0900,-0.08039999999999999
-1.6200,-1.6000,0.02626666666666677
-3.4700,-1.7000,-0.22606666666666664
-0.8400,2.6300,-1.1795333333333333
0.6800,2.2500,-0.8274
0.5300,-0.3300,-0.04199999999999997
2.1500,-2.0900,0.7578666666666667
-0.1600,-0.9200,0.03706666666666669
2.0600,-2.9500,1.0135333333333334
-1.6900,2.8300,-1.3725333333333334
-0.4800,0.7800,-0.5446666666666666
-3.7300,3.1000,-1.7699333333333334
-3.3100,3.0100,-1.6773333333333333
-1.0400,1.8100,-0.9532666666666667
0.8200,-1.8600,0.4818666666666668
-3.3500,2.7300,-1.5957333333333334
3.0300,-3.9600,1.4787333333333335
-0.4100,-1.1600,0.07393333333333335
-0.0700,-0.5100,-0.07759999999999997
-1.0000,3.8700,-1.5926
-0.1200,1.9700,-0.8623333333333334
3.9500,-1.5300,0.8584
-1.9400,-2.5400,0.2717333333333334
-0.3000,-2.8500,0.6203333333333334
2.9900,-0.0400,0.24433333333333337
-1.5300,3.1500,-1.4482666666666666
-2.4900,3.7600,-1.7866
-2.4300,-2.4200,0.15900000000000003
-1.0800,3.4100,-1.4607333333333332
1.6800,-2.7300,0.8863333333333334
-3.1200,-1.2100,-0.3259333333333333
-3.4800,-3.7400,0.4116000000000002
-0.5700,2.3400,-1.0472666666666666
0.9000,-1.3600,0.3374666666666667
-3.9900,-2.4300,-0.07706666666666662
2.4000,1.7100,-0.39446666666666674
2.5700,2.2100,-0.5250666666666667
-1.7100,-0.4700,-0.3416
3.5000,3.8600,-0.8994666666666667
-1.9100,-0.5100,-0.35973333333333324
1.8600,-0.1000,0.08986666666666669
-2.3000,3.8600,-1.7888
1.3500,2.2800,-0.7340666666666666
0.3200,-1.4100,0.26420000000000005
-1.3300,1.6400,-0.9444666666666667
2.6200,3.8600,-1.0344
-2.7600,1.8700,-1.2358
2.8700,0.4000,0.08806666666666665
-3.5500,0.2800,-0.8587333333333332
-2.5900,1.7100,-1.1596
1.5500,2.1100,-0.6501333333333333
3.5400,-2.4400,1.0806666666666667
3.8700,-3.3700,1.4226666666666667
-1.5900,3.3500,-1.5201333333333333
2.6800,-3.2500,1.2026
-0.9700,-3.6400,0.7651333333333334
-3.7200,-3.3300,0.2463333333333334
1.0700,2.3200,-0.7895333333333333
3.8600,1.5700,-0.12673333333333342
-3.5400,-2.6800,0.07026666666666681
-3.9100,-0.3700,-0.7102666666666667
0.6800,-2.2400,0.5794666666666668
-1.3800,3.9500,-1.6759333333333333
-2.7300,0.8800,-0.921
0.4800,0.6300,-0.3504666666666667
1.4600,1.7800,-0.5605333333333334
2.2300,0.3500,0.005599999999999994
-0.8400,2.7300,-1.2108666666666668
-1.6300,0.3900,-0.5987999999999999
-2.0800,-1.1900,-0.1727333333333333
-1.9900,-0.5900,-0.34693333333333326
0.5200,0.0000,-0.1469333333333333
2.3800,2.7200,-0.7140000000000001
2.0400,-3.8100,1.2799333333333336
2.6300,-3.5600,1.2920666666666667
-3.3500,-2.9500,0.18400000000000016
2.6000,1.7200,-0.36693333333333333
1.8100,0.3500,-0.05880000000000002
-1.5100,-2.4300,0.30320000000000014
-0.7700,2.7200,-1.197
-2.7700,-1.2500,-0.25973333333333326
1.9800,-3.4600,1.1610666666666667
1.0800,-3.8900,1.1578000000000002
1.2900,3.0900,-0.9970666666666668
-2.3100,3.8100,-1.7746666666666668
2.6000,-2.1800,0.8550666666666668
-0.1900,3.4300,-1.3305333333333336
1.4900,-3.7500,1.1768
-2.1100,3.1300,-1.5309333333333333
2.3500,-3.4800,1.2240666666666666
2.3400,2.1200,-0.5321333333333335
3.7700,-1.1900,0.7242666666666666
-1.2600,0.1300,-0.46059999999999995
0.2000,3.8100,-1.3898000000000001
3.5700,-1.4700,0.7813333333333332
-0.2600,-2.2400,0.4353333333333334
-2.5200,-1.6200,-0.1054666666666666
0.5800,1.5900,-0.6359333333333334
3.6400,-3.2400,1.3466666666666667
1.1300,-1.9500,0.5576
3.9800,-3.9500,1.6212666666666666
-3.8300,-1.0000,-0.5005999999999999
1.3900,0.6900,-0.22973333333333334
0.6100,-1.8500,0.44653333333333345
0.7600,-2.0200,0.5228
-0.6500,3.7600,-1.5044666666666666
1.4300,-1.1500,0.3529333333333333
2.6300,1.5200,-0.29966666666666675
2.1300,3.9100,-1.1252000000000002
-0.5400,-1.5500,0.17620000000000002
3.6100,4.0000,-0.9264666666666668
3.4100,1.5500,-0.18946666666666667
1.6900,-1.9900,0.656
-0.8600,-2.8200,0.5250666666666668
1.3000,-0.7700,0.21393333333333336
-3.8600,1.8900,-1.4107333333333334
-0.4400,2.1200,-0.9584000000000001
-1.2600,-3.6600,0.7269333333333334
-2.1800,-1.4000,-0.12226666666666663
3.2600,-3.1700,1.2664666666666666
-3.5400,-2.3200,-0.04253333333333331
0.9400,-3.7700,1.0987333333333333
-1.0700,-2.8200,0.49286666666666673
-2.9600,2.6200,-1.5014666666666667
2.9800,3.8200,-0.9666666666666668
1.6400,-3.5400,1.1340000000000001
2.5100,-1.7400,0.7033999999999999
-0.5000,-3.5100,0.7964666666666668
-3.2200,0.3400,-0.8269333333333333
-3.2400,3.4300,-1.7982000000000002
-1.7500,2.1600,-1.1718000000000002
0.1100,3.4100,-1.2782666666666667
-3.2200,1.8200,-1.2906666666666666
-1.9300,2.5200,-1.3122
-0.7600,3.0600,-1.302
3.0800,-1.0000,0.5589333333333334
-0.0600,-1.0800,0.10253333333333339
2.6600,-2.2500,0.8862000000000001
-1.1600,-3.1200,0.5730666666666668
-0.3000,-0.8700,-6.666666666665932e-05
-2.5200,-2.9100,0.2987333333333334
1.0600,3.6800,-1.2172
0.0200,-0.6200,-0.029333333333333322
2.8800,-1.5400,0.6974666666666667
-3.8100,-0.5500,-0.6385333333333333
2.8000,-0.0700,0.22459999999999997
0.5500,0.6500,-0.346
-2.7400,-3.0200,0.29946666666666666
0.1300,-3.2300,0.8053333333333333
0.9000,-2.0900,0.5662
2.6400,3.7500,-0.9968666666666667
2.9100,-2.1100,0.8806666666666667
-0.6100,-1.6900,0.20933333333333332
-0.4100,-3.3100,0.7476000000000002
-1.8000,-0.0200,-0.49639999999999995
2.4800,0.9800,-0.15346666666666667
2.7000,0.6300,-0.010066666666666696
1.2300,0.4400,-0.17593333333333333
-3.2800,-1.6900,-0.20006666666666661
2.9500,0.0300,0.21626666666666666
0.4600,-2.1600,0.5206666666666667
2.4600,0.8100,-0.1032666666666667
1.0700,-3.8400,1.1406
-2.4400,0.4900,-0.7543333333333333
1.3300,-1.3400,0.3971333333333334
1.1100,-2.2200,0.6391333333333334
1.1500,2.0200,-0.6832666666666667
3.4500,-3.5900,1.4272
-1.9400,2.6300,-1.3482
2.6400,2.8400,-0.7117333333333333
-1.1100,2.9600,-1.3243333333333334
-1.2900,0.4400,-0.5623333333333334
-0.7300,1.8000,-0.9026000000000001
0.8400,2.0700,-0.7464666666666666
3.0600,-0.5800,0.4242666666666666
3.6500,3.7700,-0.8482666666666667
2.0100,-0.2600,0.16299999999999992
-2.3300,-3.4300,0.49080000000000024
-3.4400,2.1300,-1.4215333333333333
0.8400,1.8400,-0.6744
2.9600,-1.5700,0.7191333333333334
-1.7700,-1.8900,0.0941333333333334
-0.7700,-1.4000,0.09393333333333331
-1.1900,-2.9700,0.5214666666666667
0.9500,-0.7900,0.16653333333333334
3.9700,-0.4800,0.5324666666666666
1.1200,-3.3600,0.9978666666666667
-0.0600,-0.8500,0.030466666666666725
1.0000,2.0300,-0.7094
2.9500,-1.8300,0.7990666666666667
-1.7800,-2.6300,0.3244666666666668
-1.4300,-1.4400,0.005266666666666697
0.5900,-2.0000,0.4904666666666667
-2.4000,-0.5500,-0.4223333333333332
-0.3100,-1.0600,0.05793333333333339
-1.4500,1.8200,-1.0192666666666668
-3.8300,-3.8600,0.3955333333333334
-1.6400,-2.5400,0.3177333333333334
-1.4600,3.2400,-1.4657333333333333
-0.3600,-2.5100,0.5045999999999999
1.8700,-1.6400,0.5739333333333334
-3.6000,0.8800,-1.0544
-1.3300,-0.3000,-0.3366
1.0300,0.4200,-0.20033333333333334
0.8600,-2.7700,0.7731333333333335
-1.4600,-0.5400,-0.28133333333333327
1.9600,0.3300,-0.029533333333333342
-3.9500,1.5400,-1.3148666666666666
-2.4900,-1.5200,-0.13219999999999998
3.1900,-1.8000,0.8264666666666667
1.6500,2.3200,-0.7006
-1.4500,-3.4900,0.6445333333333335
-3.8100,0.6100,-1.002
0.8300,-3.1300,0.8813333333333333
2.9600,-2.9600,1.1546666666666667
0.8400,-3.0600,0.8609333333333334
1.2500,2.2100,-0.7274666666666667
1.7000,-1.3200,0.4476
-2.4000,2.5900,-1.4062
-0.3400,2.0100,-0.9086000000000001
1.3200,3.8200,-1.2212
2.6700,0.6000,-0.005266666666666725
2.1300,-1.5100,0.5730666666666666
3.7200,0.9700,0.0398
3.0600,-1.5500,0.7282
-1.6400,2.4700,-1.2520666666666669
1.4500,1.4300,-0.4524
3.7300,-2.8000,1.2226
-2.4300,0.0200,-0.6055333333333333
-3.1800,2.5100,-1.5007333333333333
-1.1700,2.8300,-1.2928
3.0800,-1.3500,0.6686000000000001
2.2400,-3.5400,1.2260000000000002
0.6200,-0.7700,0.10966666666666669
-1.1600,1.2800,-0.8056
4.0000,-1.0900,0.7282
-1.4900,-2.0000,0.17153333333333343
2.3300,-3.4900,1.2241333333333335
0.7900,3.3100,-1.1426666666666667
-1.7000,1.7500,-1.0356666666666667
-3.3700,3.2900,-1.7742666666666667
-3.9100,1.1000,-1.1708666666666667
2.2800,-2.0500,0.7652666666666667
3.7900,-1.0800,0.6928666666666666
-0.3800,2.9900,-1.2218
-0.2000,1.2700,-0.6552666666666667
-0.9300,-2.1100,0.2918666666666667
3.8500,2.8200,-0.5199333333333335
-0.1800,2.9800,-1.1880000000000002
1.2300,-3.4100,1.0304
2.3200,-1.4000,0.5677333333333333
-0.0700,1.7800,-0.7951333333333335
-3.5400,0.1100,-0.8039333333333333
0.8600,-0.3200,0.005466666666666675
1.2200,-3.6500,1.1040666666666665
-3.4700,-2.8100,0.12173333333333336
-1.1800,1.5000,-0.8775999999999999
2.3200,3.8800,-1.0866666666666667
2.7900,-0.1000,0.23246666666666665
-3.0100,-0.2800,-0.6004666666666666
-2.8400,0.5000,-0.8188
-1.3400,-1.7700,0.12246666666666678
1.0800,-0.8300,0.199
0.2000,3.3700,-1.2519333333333333
-2.5900,2.2800,-1.3382
3.5100,2.8200,-0.5720666666666668
-0.8200,-2.9500,0.5719333333333335
-0.3000,-1.0000,0.040666666666666684
-1.6700,0.6100,-0.6738666666666666
-2.5800,0.6600,-0.8290666666666666
3.1400,0.2700,0.17020000000000002
-2.5200,0.2800,-0.7008
1.7600,1.0900,-0.29833333333333334
1.7200,1.5700,-0.45486666666666675
2.8000,3.8000,-0.9880000000000001
0.5900,-1.7600,0.4152666666666667
2.2600,-1.1500,0.48019999999999996
1.3300,-0.7600,0.21540000000000004
-2.2100,-2.0900,0.08933333333333338
1.3600,1.1400,-0.37533333333333335
-0.3200,3.7900,-1.4632666666666667
-3.9100,-0.4800,-0.6758000000000001
3.0600,2.3300,-0.4875333333333335
-0.6500,0.5900,-0.5112
-1.2700,-0.3900,-0.29919999999999997
2.8900,-3.8700,1.4290666666666667
2.0200,-3.1900,1.0826
2.9300,-3.4500,1.3036
-3.2000,2.6700,-1.5539333333333332
0.5600,-2.6700,0.6958
-0.8900,1.9900,-0.9866666666666667
1.7300,0.5500,-0.13373333333333337
-0.6600,3.5500,-1.4402
-3.8400,-3.4800,0.2749333333333335
-0.6000,4.0000,-1.572
-3.3500,-0.6400,-0.5398
-2.3300,3.6000,-1.7119333333333335
3.7000,0.5000,0.184
-3.4400,-3.6200,0.38013333333333343
-1.3800,1.1400,-0.7954666666666665
-1.9700,0.1200,-0.5663333333333332
-1.0600,3.4700,-1.4764666666666668
-1.8900,3.1200,-1.4940666666666669
-2.9200,-3.5600,0.44106666666666694
2.1300,0.0400,0.08739999999999995
-3.5100,-3.5400,0.3443333333333336
-0.5900,2.9700,-1.2477333333333334
1.6100,3.2600,-1.0012666666666667
-1.4700,-3.1400,0.5318000000000002
-2.6100,-1.5200,-0.15059999999999985
1.1500,1.2000,-0.42633333333333334
2.9400,-3.0100,1.1672666666666667
-3.1200,-2.1900,-0.018866666666666587
-2.2300,3.5200,-1.6715333333333333
-0.7900,0.0500,-0.36346666666666666
-2.3600,3.9700,-1.832466666666667
3.6700,1.4100,-0.1057333333333334
3.7600,3.4900,-0.7436666666666669
2.0200,3.6500,-1.0606
-3.9100,3.2700,-1.8508000000000002
-0.1900,0.6500,-0.4594666666666667
3.6000,2.4000,-0.42666666666666675
-0.6400,-2.9700,0.6058000000000001
0.2100,0.8100,-0.4482666666666667
0.4800,-2.5000,0.6302666666666668
3.4200,0.3800,0.1786666666666666
-0.6600,1.5000,-0.7978666666666667
2.2500,3.8500,-1.088
3.3600,-2.6700,1.1251333333333333
1.0600,1.3600,-0.4902666666666667
-0.0800,0.2400,-0.3141333333333333
0.2200,-3.2800,0.8348000000000001
-3.1000,0.7000,-0.9213333333333333
3.7800,1.0900,0.011399999999999855
3.7700,3.9200,-0.8768666666666667
0.6000,-2.9000,0.774
-3.9600,-2.2300,-0.13513333333333333
0.3200,-2.7800,0.6934666666666667
2.7100,-3.7500,1.3638666666666668
3.1100,-1.2200,0.6324666666666667
-1.0100,3.1200,-1.3591333333333333
3.3600,0.7800,0.044133333333333274
-0.4600,2.7000,-1.1432000000000002
-2.6200,-2.6100,0.1894
-2.4300,-2.8000,0.2780666666666667
-0.0400,-4.0000,1.0205333333333335
-2.5500,1.8800,-1.2067333333333332
0.9500,2.4500,-0.8486666666666667
0.8200,2.5000,-0.8842666666666668
1.9100,-0.1800,0.12259999999999996
-1.5900,-0.0300,-0.4610666666666666
1.1200,-0.7900,0.19260000000000005
-0.8000,-2.0600,0.2961333333333334
-0.1100,-2.3500,0.49280000000000007
-2.1200,-0.2000,-0.48906666666666665
2.2700,-3.1000,1.0927333333333333
-3.3800,-1.1000,-0.4002666666666666
-0.0200,-2.9400,0.6914666666666667
0.2300,-2.2300,0.5073333333333333
0.2800,2.4000,-0.9357333333333333
1.4400,0.2100,-0.07166666666666668
-0.1200,2.9200,-1.1600000000000001
-2.5400,-0.5600,-0.44066666666666665
-2.9200,-2.0500,-0.03206666666666658
-1.0100,-2.1600,0.2952666666666668
-2.8100,-1.6300,-0.14679999999999993
-2.8200,-3.5300,0.4470000000000002
-0.0800,3.6200,-1.3732000000000002
-3.0000,2.0400,-1.3258666666666667
1.8800,-2.2400,0.7634666666666667
1.3100,2.8100,-0.9062666666666668
0.8300,0.3600,-0.2122
0.9000,2.2900,-0.8062
-1.1700,3.9700,-1.6500000000000001
-2.1700,0.7900,-0.8069333333333333
-0.6300,1.7200,-0.8622000000000001
3.3400,3.4100,-0.7830000000000001
0.7900,-2.4000,0.6464666666666666
-1.8600,2.1500,-1.1855333333333333
2.1700,1.5300,-0.3733333333333334
-2.4600,-3.8500,0.6024666666666668
-1.1500,3.4900,-1.4965333333333335
-2.8500,0.2600,-0.7451333333333333
2.0600,-3.4200,1.1608
0.9200,-0.1300,-0.044866666666666645
1.0300,0.8600,-0.33820000000000006
-1.5900,-2.6700,0.36613333333333337
3.2300,-0.6600,0.47539999999999993
-0.4400,-1.0800,0.04426666666666673
0.0300,2.1700,-0.902
-1.5900,-2.3600,0.2690000000000001
-1.0600,2.2600,-1.0973333333333333
0.0600,0.8600,-0.48693333333333333
2.1100,2.8200,-0.7867333333333334
-0.3700,-1.1600,0.08006666666666667
1.3500,-1.8400,0.5568666666666666
-2.8700,-2.6700,0.16986666666666672
3.5600,0.8700,0.04659999999999992
0.0700,-2.6400,0.6112666666666667
-1.5700,1.2900,-0.8716
1.5000,-1.1700,0.36993333333333334
0.1100,3.7000,-1.3691333333333335
3.5000,3.9900,-0.9402000000000003
3.7200,-1.5800,0.8388
-1.5500,2.3700,-1.2069333333333334
3.0400,1.9200,-0.3621333333333334
1.3500,-3.1500,0.9673333333333334
-2.5900,1.0000,-0.9371333333333333
-0.6800,1.4800,-0.7946666666666666
3.9200,-0.0200,0.3806666666666666
3.8700,3.2600,-0.6547333333333335
-1.0200,-3.8600,0.8264
0.2800,-2.6900,0.6591333333333333
-1.3500,-0.6500,-0.22999999999999995
2.6900,2.0200,-0.4471333333333334
-3.9300,-3.8000,0.36140000000000005
-0.4200,-3.6300,0.8463333333333334
0.7000,-0.9100,0.1658
2.9900,-3.5400,1.3410000000000002
-0.1300,3.1300,-1.2273333333333334
-0.8400,-0.3300,-0.25206666666666666
0.3900,1.9200,-0.7684666666666666
-0.0900,-3.6000,0.8875333333333335
1.6000,3.2700,-1.0059333333333336
-0.4100,1.4000,-0.7282
0.9800,3.1000,-1.0477333333333334
-2.6900,-3.4500,0.44186666666666685
2.7800,2.8800,-0.7028
1.0900,-1.5500,0.42613333333333336
-0.9500,3.4100,-1.4407999999999999
-3.4000,3.8500,-1.9543333333333335
-3.4900,0.3600,-0.8746
3.4400,-1.6100,0.8052666666666667
-0.8800,1.9900,-0.9851333333333334
-2.3800,0.6000,-0.7795999999999998
3.6300,-1.3100,0.7404
-0.5100,-1.5200,0.1714000000000001
-0.8500,-0.4500,-0.21599999999999997
0.9600,-1.7500,0.46886666666666665
1.6700,2.0800,-0.6223333333333334
3.0800,2.2900,-0.4719333333333333
0.1100,-0.5700,-0.031199999999999978
0.7300,-0.9800,0.1923333333333333
3.5900,1.7100,-0.2120000000000002
-2.9500,2.7900,-1.5532
1.1800,3.0900,-1.0139333333333334
-0.5900,2.6200,-1.1380666666666668
-1.2000,-1.4000,0.028000000000000025
-3.2800,-0.2000,-0.6669333333333333
-1.9900,0.5400,-0.701
1.1700,-2.5000,0.7360666666666668
-3.8000,3.4500,-1.8903333333333334
3.0700,0.3300,0.1406666666666666
3.6000,-0.4200,0.45693333333333325
3.0500,0.3900,0.11879999999999995
1.6800,-0.5600,0.20640000000000003
-0.9800,1.4600,-0.8344
1.2600,-1.7400,0.5117333333333334
0.1000,1.0800,-0.5497333333333334
-2.9400,0.5300,-0.8435333333333334
-0.7400,2.5600,-1.1422666666666665
3.3000,-0.7600,0.5174666666666665
3.1900,-3.3500,1.3121333333333334
-0.5500,0.4300,-0.4457333333333333
0.9500,2.7200,-0.9332666666666667
-3.3200,-0.7600,-0.4975999999999999
2.3900,0.0800,0.11473333333333334
0.0900,1.9400,-0.8207333333333333
-3.8300,3.5100,-1.9137333333333335
2.4500,3.4800,-0.9414
2.1000,1.2700,-0.3026
1.0400,1.6700,-0.5904666666666667
3.2500,-0.2700,0.3562666666666666
-2.6400,2.1700,-1.3114
2.9000,-2.7300,1.0734
-1.4100,2.3400,-1.1760666666666666
-2.4700,-0.6600,-0.39859999999999995
-0.6300,1.4500,-0.7776000000000001
3.5900,2.6300,-0.5002666666666669
-3.4200,-0.9600,-0.45026666666666665
2.6600,1.7100,-0.3546
-1.5800,0.1000,-0.5002666666666666
2.5900,-3.1700,1.1637333333333333
1.0900,-1.1900,0.31333333333333335
-2.7500,0.8700,-0.9209333333333334
2.6400,2.1000,-0.47986666666666666
-1.1700,-0.3400,-0.2995333333333333
2.5500,-1.6500,0.6813333333333333
2.3000,1.4500,-0.32833333333333337
1.3800,0.2900,-0.10593333333333337
0.5600,-3.7000,1.0185333333333335
2.5400,3.0000,-0.7772000000000001
1.6900,2.9500,-0.8918666666666668
-0.8500,-0.3000,-0.263
3.4300,-2.6400,1.1264666666666667
0.1000,1.9300,-0.8160666666666667
-3.4300,-2.2700,-0.04133333333333333
-3.0300,-0.7900,-0.4437333333333332
-3.2800,0.5200,-0.8925333333333333
0.8800,3.1700,-1.085
-3.5300,-2.2400,-0.0660666666666665
-1.3900,-1.1800,-0.07006666666666661
-0.4900,3.7000,-1.4611333333333336
-2.1500,-2.0600,0.08913333333333351
-2.7600,-2.1700,0.030066666666666797
-1.0600,3.6000,-1.5172
1.8300,2.1900,-0.6322666666666666
3.1700,-1.8700,0.8453333333333334
-3.5300,2.6200,-1.5888666666666666
1.3600,-0.6300,0.17926666666666669
-0.3900,2.9900,-1.2233333333333334
-0.5600,-1.1400,0.04466666666666669
-1.0300,0.4300,-0.5193333333333333
-3.4400,1.9100,-1.3526
-3.5900,-3.2300,0.23493333333333344
-3.1000,-1.0800,-0.3635999999999999
-1.2600,1.6800,-0.9462666666666666
0.9900,-0.5400,0.09433333333333335
0.2200,0.9000,-0.4749333333333333
-3.3200,-1.2100,-0.3565999999999999
-1.5500,-2.9200,0.45060000000000006
-0.4800,-3.5900,0.8246
-1.5000,-1.2400,-0.06813333333333332
2.4700,-2.9300,1.0701333333333334
2.5000,0.0800,0.1316
0.7400,-0.9100,0.17193333333333335
-0.3500,-1.1000,0.06433333333333341
-0.0300,3.4900,-1.3248000000000002
-1.9200,-3.9100,0.7040666666666668
1.7000,2.2500,-0.671
0.9300,1.5900,-0.5822666666666667
-2.6100,3.3300,-1.6702666666666666
2.3300,2.1700,-0.5493333333333333
-1.5900,-2.7100,0.37866666666666676
-2.0000,2.8000,-1.4106666666666667
-2.2600,0.4600,-0.7173333333333333
-3.3700,3.0300,-1.6928
0.0500,1.0600,-0.5511333333333334
-1.8900,1.0700,-0.8517333333333333
-3.0100,-2.2500,0.016800000000000148
-2.5300,0.6900,-0.8308
0.7300,-3.1300,0.866
-3.3800,0.9500,-1.0426
-4.0000,1.3400,-1.2598666666666667
-0.1300,-0.7000,-0.02726666666666666
-3.9000,-1.5400,-0.3421333333333333
-3.2300,-2.8200,0.16166666666666674
0.3900,-0.2100,-0.10106666666666667
-0.8200,1.4300,-0.8004666666666667
2.9900,0.8100,-0.021999999999999992
0.3100,3.3500,-1.2288000000000001
1.1700,-1.4600,0.4102
3.3100,3.8300,-0.9192000000000002
1.2700,1.7600,-0.5834
3.1100,3.8100,-0.9436000000000002
2.9500,0.1500,0.17866666666666664
1.1800,-2.1700,0.6342000000000001
2.7300,2.2200,-0.5036666666666668
2.7100,0.2500,0.11053333333333332
1.8000,-3.7900,1.2368666666666666
-1.7700,0.1200,-0.5356666666666666
-3.6500,1.9700,-1.4036
1.0300,0.2100,-0.13453333333333334
2.4200,-3.7700,1.3256666666666665
0.7100,0.4200,-0.2494
-1.4900,1.0200,-0.7747333333333333
3.5300,-3.5400,1.4238
2.5300,-3.6900,1.3174666666666668
3.2200,-0.7800,0.5114666666666667
-3.2600,-2.8700,0.17273333333333352
-1.8800,-0.1000,-0.4835999999999999
0.1100,0.4900,-0.3633333333333333
0.1000,2.4600,-0.9821333333333333
-2.6900,2.7600,-1.5039333333333333
-0.4000,3.1700,-1.2812666666666668
-1.9800,-2.7800,0.3408
-0.9500,3.2200,-1.3812666666666669
-2.5000,2.9200,-1.5249333333333333
2.0800,0.7400,-0.13959999999999997
1.4500,-0.7200,0.22126666666666664
-1.0600,3.4300,-1.4639333333333335
-2.2800,0.4800,-0.7266666666666666
2.3900,0.7100,-0.08266666666666667
3.0900,-3.3700,1.3030666666666666
-1.1300,-3.4800,0.6904666666666668
-3.0600,3.5900,-1.8207333333333333
-3.2700,-1.0600,-0.39593333333333325
-2.9500,-3.5700,0.4396000000000001
0.4300,-3.6400,0.9798
-2.1500,2.7900,-1.4305333333333334
1.2800,-0.4600,0.11373333333333333
-1.1000,0.2500,-0.4736666666666667
-2.7000,2.2300,-1.3394
1.9000,2.8800,-0.8377333333333333
-1.5400,-3.7200,0.7028000000000002
-2.3900,-3.5200,0.5098
0.2000,-2.6600,0.6374666666666668
3.6000,0.4000,0.1999999999999999
3.8100,-0.6800,0.5706
1.4800,-2.6100,0.8180666666666666
-3.6700,-0.4300,-0.6546666666666666
2.4600,3.6800,-1.0025333333333333
1.7600,2.0300,-0.5928666666666667
-3.3500,3.1400,-1.7242000000000002
3.4600,-2.0600,0.9493333333333334
-0.2000,-0.3800,-0.13826666666666662
-2.1600,1.9600,-1.172
-3.7700,2.7400,-1.663266666666667
1.2500,1.6900,-0.5645333333333333
2.7600,-0.1700,0.2497999999999999
2.2700,-3.4600,1.2055333333333333
3.1100,2.9300,-0.6678666666666668
-1.7200,3.8800,-1.7061333333333333
-3.7100,3.7600,-1.9736666666666665
-2.3400,0.3400,-0.692
1.6500,2.1500,-0.6473333333333333
0.6100,-0.8500,0.13320000000000004
3.0300,-3.0100,1.1810666666666667
0.0400,-3.3600,0.8322666666666666
2.9100,1.4300,-0.22853333333333334
-0.3300,-2.2100,0.4152
-2.4400,-1.6100,-0.09633333333333327
-1.0600,-3.8400,0.8140000000000001
-2.0900,0.8100,-0.8009333333333333
-0.1400,-0.1100,-0.21366666666666664
3.4000,0.4300,0.1599333333333333
-0.7200,-3.6200,0.7972000000000001
-3.9600,3.1900,-1.8334000000000001
1.7600,-3.2900,1.0740666666666667
-3.8100,1.0500,-1.1398666666666666
-3.1100,-3.0200,0.24273333333333347
-2.4000,3.0200,-1.5409333333333333
-3.2300,-1.8900,-0.12973333333333326
-3.2700,0.2900,-0.8189333333333333
2.0200,1.4800,-0.3806666666666667
-1.2900,3.4400,-1.5023333333333335
-3.3800,-2.6200,0.07600000000000007
1.5500,-2.7100,0.8601333333333334
-3.8400,-3.1700,0.17780000000000018
-0.6300,0.3600,-0.43606666666666666
-0.2500,-3.3200,0.7752666666666667
3.4100,3.3900,-0.766
3.2500,2.7800,-0.5994
-0.3900,2.3300,-1.0165333333333333
-2.5800,-2.6000,0.19240000000000013
1.3900,-0.9000,0.2684666666666667
0.1900,-1.3200,0.21606666666666668
3.4500,-3.7500,1.4773333333333334
-2.6500,2.6200,-1.4539333333333333
-3.5400,0.8200,-1.0264
-2.1100,-0.5200,-0.38726666666666654
1.9000,3.6000,-1.0633333333333335
1.1900,-0.1200,-0.006600000000000016
3.4000,-1.5800,0.7897333333333334
1.2300,0.3100,-0.1352
-3.6000,-0.6600,-0.5718666666666666
-1.1900,-2.7400,0.4494000000000002
-3.0200,-2.1200,-0.025466666666666526
0.6900,1.8400,-0.6974
-2.7300,1.7000,-1.1779333333333333
-3.0800,1.9300,-1.3036666666666665
-0.1100,-3.6000,0.8844666666666667
1.2000,3.4400,-1.1205333333333334
2.3400,3.9500,-1.1055333333333335
3.9500,-0.9900,0.6892
-3.1900,-3.5100,0.3840000000000001
1.1900,3.3000,-1.0782
2.4000,0.6500,-0.06233333333333341
3.7300,-2.0700,0.9938666666666666
-2.7000,3.0900,-1.6088666666666667
-0.3300,-0.2300,-0.2052
-0.8000,2.1100,-1.0104666666666666
3.0300,-0.9700,0.5418666666666666
3.1100,0.5500,0.07786666666666661
-1.8400,1.0700,-0.8440666666666667
-3.4400,-1.1800,-0.38439999999999996
0.7800,-1.4000,0.3316
-2.3500,0.2000,-0.6496666666666666
1.7400,2.7500,-0.8215333333333333
-2.9900,3.4500,-1.7661333333333336
0.8500,0.3300,-0.19973333333333332
3.0100,-0.6000,0.4228666666666666
1.3000,0.3600,-0.14013333333333333
-2.3600,1.6800,-1.114933333333333
-3.2100,-3.7200,0.44673333333333354
0.2100,-2.2400,0.5074000000000001
-3.9300,-3.4700,0.2580000000000001
0.3300,-1.1400,0.18113333333333337
-2.3200,1.2600,-0.9772
-3.5000,-0.7700,-0.5220666666666667
1.6100,3.0800,-0.9448666666666667
-1.6200,1.0000,-0.7884
-2.4000,1.9300,-1.1993999999999998
3.2500,1.1500,-0.08866666666666673
3.5300,-0.7100,0.5370666666666666
1.8700,-0.7800,0.3044666666666667
2.1500,2.7200,-0.7492666666666667
2.7000,1.2700,-0.21060000000000004
2.3100,-3.8300,1.3276000000000001
-3.6200,-1.7000,-0.24906666666666655
-2.1300,2.2300,-1.2519999999999998
-0.4700,-0.8400,-0.035533333333333306
0.3800,2.1800,-0.8514666666666667
2.4400,-2.1000,0.8054666666666667
-1.0600,0.5000,-0.5458666666666667
3.2600,3.6600,-0.8736000000000002
-3.4600,2.9300,-1.675266666666667
2.6600,3.5800,-0.9405333333333334
2.8300,-0.0800,0.23233333333333334
3.2500,-2.2900,0.9892
-1.9500,2.8900,-1.4312
-0.5400,0.8800,-0.5851999999999999
0.9100,-0.4400,0.050733333333333325
-1.6300,2.5900,-1.2881333333333331
-2.6500,3.5600,-1.7484666666666668
2.1000,-3.9300,1.3267333333333333
-3.9600,1.3400,-1.2537333333333334
-3.3600,-0.7700,-0.5005999999999999
2.0900,1.3900,-0.34173333333333333
2.9100,-2.6400,1.0467333333333333
2.3000,-2.3100,0.8498000000000001
-2.6600,0.5400,-0.8037333333333333
